Average Hourly Earnings by Industry (ANZSIC06) and Sex (Qrtly-Mar/Jun/Sep/Dec),,,,,,,,,,,,,,,,,,,,,,,,,,,,,,,,,,
,Forestry and Mining,,Manufacturing,,"Electricity, Gas, Water and Waste Services",,Construction,,Wholesale Trade,,Retail Trade,,Accommodation and Food Services,,"Transport, Postal and Warehousing",,Information Media and Telecommunications,,Financial and Insurance Services,,"Rental, Hiring and Real Estate Services",,"Professional, Scientific, Technical, Administrative and Support Services",,Public Administration and Safety,,Education and Training,,Health Care and Social Assistance,,"Arts, Recreation and Other Services",,Total All Industries,
 ,Male,Female,Male,Female,Male,Female,Male,Female,Male,Female,Male,Female,Male,Female,Male,Female,Male,Female,Male,Female,Male,Female,Male,Female,Male,Female,Male,Female,Male,Female,Male,Female,Male,Female
 ,Total (Ordinary Time + Overtime) Hourly,Total (Ordinary Time + Overtime) Hourly,Total (Ordinary Time + Overtime) Hourly,Total (Ordinary Time + Overtime) Hourly,Total (Ordinary Time + Overtime) Hourly,Total (Ordinary Time + Overtime) Hourly,Total (Ordinary Time + Overtime) Hourly,Total (Ordinary Time + Overtime) Hourly,Total (Ordinary Time + Overtime) Hourly,Total (Ordinary Time + Overtime) Hourly,Total (Ordinary Time + Overtime) Hourly,Total (Ordinary Time + Overtime) Hourly,Total (Ordinary Time + Overtime) Hourly,Total (Ordinary Time + Overtime) Hourly,Total (Ordinary Time + Overtime) Hourly,Total (Ordinary Time + Overtime) Hourly,Total (Ordinary Time + Overtime) Hourly,Total (Ordinary Time + Overtime) Hourly,Total (Ordinary Time + Overtime) Hourly,Total (Ordinary Time + Overtime) Hourly,Total (Ordinary Time + Overtime) Hourly,Total (Ordinary Time + Overtime) Hourly,Total (Ordinary Time + Overtime) Hourly,Total (Ordinary Time + Overtime) Hourly,Total (Ordinary Time + Overtime) Hourly,Total (Ordinary Time + Overtime) Hourly,Total (Ordinary Time + Overtime) Hourly,Total (Ordinary Time + Overtime) Hourly,Total (Ordinary Time + Overtime) Hourly,Total (Ordinary Time + Overtime) Hourly,Total (Ordinary Time + Overtime) Hourly,Total (Ordinary Time + Overtime) Hourly,Total (Ordinary Time + Overtime) Hourly,Total (Ordinary Time + Overtime) Hourly
1989Q1,14.42,10.86,13.4,10.01,14.29,11.77,11.74,10.64,14.66,11.86,10.52,8.96,10.69,9.27,13.42,10.74,19.27,13.54,16.6,11.6,15.11,11.78,17.09,12.62,17.1,12.93,17.14,13.91,16.56,12.96,14.04,10.77,14.04,11.54
1989Q2,14.48,11.03,13.36,9.91,14.7,12.24,11.89,10.79,14.84,12.05,10.54,8.93,10.62,9.39,13.79,11,19.42,13.71,17.22,12.04,15.46,11.72,17.49,12.6,17.28,13.06,17.08,14.18,16.62,13.05,14.03,10.92,14.17,11.65
1989Q3,14.46,11.08,13.38,10.06,14.87,12.57,12.1,10.83,15.06,12.14,10.59,8.99,10.64,9.53,14.03,11.13,19.63,13.93,17.64,12.09,15.89,11.82,17.96,12.71,17.63,13.26,16.96,13.8,16.79,13,14.1,11.05,14.34,11.74
1989Q4,14.73,11.31,13.31,10.13,15.04,12.7,12.3,10.9,15.4,12.21,10.74,9.06,10.69,9.35,14.2,11.18,20,14.06,18.21,12.36,16.73,12.25,18.84,13.16,18.03,13.61,16.5,13.77,16.88,13.27,14.53,11.13,14.49,11.89
1990Q1,14.67,12.03,14.12,10.45,15.33,12.92,12.33,11.15,15.95,12.58,11.19,9.42,11.14,9.75,14.57,11.91,20.75,14.61,18.61,12.63,17.04,12.64,19.19,13.59,18.1,13.83,16.97,14.07,17.11,13.75,15.08,11.58,14.96,12.23
1990Q2,14.85,11.15,14.29,10.63,15.56,13.37,12.5,11.2,16.17,12.76,11.12,9.38,11.3,9.9,15.05,12.18,20.91,14.79,19.16,12.81,16.73,12.39,18.87,13.37,18.27,13.91,16.99,14.25,17.49,13.86,14.89,11.62,15.11,12.37
1990Q3,15.12,11.1,14.17,10.61,15.75,13.46,12.75,11.55,16.42,12.94,11.33,9.59,11.32,10,15.51,12.58,21.36,15.14,19.43,13.07,16.96,12.58,19.15,13.58,18.43,14.1,17.12,14.07,17.42,13.83,14.95,11.75,15.26,12.5
1990Q4,15.42,11.84,14.2,10.69,15.84,13.6,12.85,11.57,16.5,13.16,11.4,9.62,11.29,10.02,15.51,12.63,21.56,15.24,19.94,13.15,17.02,12.66,19.24,13.67,18.83,14.52,17.62,14.28,18.01,14.04,15.2,12.01,15.41,12.64
1991Q1,15.14,12.51,14.61,10.84,15.87,13.59,12.95,11.81,16.61,13.25,11.61,9.85,11.62,10.16,15.41,12.52,21.73,15.33,19.72,13.44,16.97,12.75,19.19,13.78,18.81,14.57,17.81,14.59,18.25,14.54,15.44,12.06,15.56,12.82
1991Q2,15.61,12.13,14.77,10.96,16.03,13.65,12.91,11.8,16.77,13.25,11.44,9.74,11.47,10.15,15.59,12.57,21.91,15.51,20.12,13.44,17,12.76,19.25,13.79,19.09,14.74,17.91,14.7,18.35,14.11,15.39,12.06,15.7,12.84
1991Q3,16.08,12.45,14.54,10.93,16.16,13.91,12.96,11.82,17,13.52,11.61,9.86,11.48,10.25,15.73,12.78,21.92,15.68,20.41,13.57,17.07,12.78,19.32,13.84,19.25,14.83,17.87,14.61,18.51,14.36,15.47,12.24,15.79,12.97
1991Q4,16.56,12.65,14.65,11.15,16.12,14.3,13.04,11.95,17.04,13.66,11.64,9.85,11.47,10.33,15.79,13.12,22.13,15.93,20.51,13.77,17.29,12.81,19.54,13.89,19.35,14.9,17.89,14.61,18.29,14.36,15.68,12.28,15.85,13.05
1992Q1,16,13,14.93,11.25,16.24,14.3,13.05,12.07,17.1,13.61,11.65,9.9,11.62,10.23,15.77,13.13,22.26,15.89,21.16,13.94,17.2,12.89,19.48,13.98,19.25,15.02,18.03,14.86,18.72,14.85,15.74,12.43,15.95,13.16
1992Q2,16.26,12.81,14.94,11.4,16.26,14.07,12.98,11.91,17.23,13.8,11.64,9.8,11.53,10.19,15.89,13,22.4,15.97,21.56,14,17.32,13.01,19.58,14.09,19.47,15.15,18.03,14.78,18.93,14.35,15.82,12.35,16.04,13.14
1992Q3,16.36,12.65,14.63,11.32,16.24,14.08,12.94,11.8,17.3,13.85,11.66,9.88,11.53,10.17,15.81,13.03,22.18,15.97,21.84,14.27,17.47,12.96,19.73,14.05,19.58,15.24,17.84,14.62,18.92,14.38,15.77,12.46,15.99,13.16
1992Q4,16.19,13.01,14.76,11.34,16.1,13.97,12.95,11.7,17.52,13.95,11.6,9.76,11.38,10.21,15.69,13.08,22.19,16.03,22.11,14.17,17.71,13.23,19.97,14.31,19.69,15.28,17.89,14.68,19.24,14.49,15.82,12.46,16,13.16
1993Q1,15.57,12.93,15.01,11.36,16.04,13.85,12.93,11.79,17.42,13.73,11.74,9.87,11.59,10.15,15.5,13.14,22.13,15.9,21.96,14.28,17.44,13.01,19.7,14.1,19.38,15.26,17.87,14.72,19.18,14.56,15.97,12.43,15.99,13.14
1993Q2,15.49,13.03,14.93,11.42,16.14,14.01,12.85,11.87,17.67,13.92,11.76,9.82,11.77,10.15,15.68,13.2,22.15,16.08,22.46,14.43,17.93,13.13,20.22,14.23,19.55,15.36,17.81,14.69,19.14,14.46,15.98,12.54,16.05,13.21
1993Q3,15.41,12.91,14.72,11.33,16.03,14.02,12.85,11.81,17.67,13.96,11.73,9.85,11.64,10.15,15.54,13.11,21.91,16.01,22.43,14.41,17.95,13.11,20.23,14.2,19.62,15.4,17.72,14.51,19.47,14.35,15.87,12.51,16,13.16
1993Q4,15.58,12.77,14.83,11.48,16.38,14.04,12.97,11.92,17.77,14.12,11.67,9.86,11.6,10.28,15.68,13.5,22.07,16.15,22.55,14.59,17.93,13.2,20.22,14.3,19.46,15.41,17.78,14.49,19.29,14.38,15.88,12.51,16.02,13.21
1994Q1,15.8,12.99,15.04,11.51,16.58,14.18,13.13,12.07,17.72,13.9,11.85,9.93,11.74,10.21,15.67,13.56,22.15,16.11,22.6,14.63,17.72,13.46,20,14.57,19.46,15.43,17.8,14.61,19.58,14.66,16,12.63,16.13,13.28
1994Q2,15.41,13.11,15.18,11.63,16.77,14.36,13.25,12.25,18,14.06,11.93,9.94,11.68,10.32,15.92,13.67,22.42,16.35,23.54,14.75,18.21,13.4,20.55,14.52,19.7,15.43,17.76,14.51,19.69,14.45,16.21,12.68,16.29,13.31
1994Q3,15.45,13.1,15.1,11.67,16.94,14.61,13.24,12.45,18.21,14.23,12.04,10.01,11.76,10.39,15.61,13.32,22.24,16.37,23.17,14.84,18.4,13.51,20.74,14.6,19.96,15.59,17.77,14.42,19.78,14.08,16.3,12.85,16.33,13.3
1994Q4,16.05,12.84,15.11,11.69,17.28,14.72,13.3,12.52,17.97,14.02,11.91,9.98,11.62,10.29,15.72,13.68,22.25,16.48,23.86,14.96,18.32,13.51,20.68,14.65,19.87,15.67,17.96,14.41,20.48,14.81,16.24,12.92,16.35,13.4
1995Q1,16.41,13.71,15.42,11.77,17.22,14.6,13.5,12.38,18.03,14.08,12.04,10.03,11.9,10.37,15.69,13.95,22.36,16.47,23.45,15.05,17.81,13.74,20.15,14.87,19.86,15.74,18.38,14.8,20.37,14.86,16.36,12.9,16.45,13.5
1995Q2,16.49,13.86,15.49,11.83,17.53,14.95,13.54,12.57,18.36,14.42,12.11,10.04,11.89,10.49,15.66,13.89,22.42,16.6,24.75,15.53,18.38,13.83,20.76,14.96,20.12,15.72,18.2,14.69,20.48,14.77,16.48,12.97,16.61,13.58
1995Q3,16.36,14.31,15.46,11.91,17.61,15.08,13.7,12.78,18.36,14.43,12.28,10.19,11.95,10.56,15.8,13.99,22.38,16.78,25.48,15.57,18.32,13.9,20.77,15.05,20.25,15.94,18.4,14.63,21.32,14.89,16.45,13,16.73,13.68
1995Q4,16.22,14.37,15.61,12.1,17.77,15.11,13.79,13.13,18.44,14.61,12.31,10.19,11.79,10.52,15.93,13.79,22.61,16.92,25.64,15.77,18.5,13.97,20.97,15.13,20.42,16.04,18.49,14.84,22.03,15.11,16.55,13.07,16.83,13.78
1996Q1,16.72,14.38,15.96,12.23,18.05,15.62,14.02,12.96,18.63,14.75,12.44,10.3,12.21,10.58,16,13.99,22.8,16.96,25.35,16.13,18.43,14.23,20.85,15.38,20.39,16.12,18.54,14.78,21.57,15.26,16.66,13.27,16.96,13.9
1996Q2,17.22,15.29,15.95,12.4,18.2,15.47,14.11,13.24,18.79,15.05,12.58,10.4,12.22,10.67,15.89,14.18,22.88,17.21,26.21,16.11,19.21,14.37,21.71,15.53,20.59,16.08,18.8,15.52,22.25,15.23,16.77,13.26,17.19,14.12
1996Q3,16.97,15.09,15.9,12.5,18.41,15.81,14.26,13.15,18.89,15.11,12.61,10.51,12.18,10.71,15.97,14.21,22.82,17.3,26.26,16.6,19.44,14.46,21.97,15.64,20.78,16.38,19.36,15.43,22.27,15.3,16.71,13.31,17.29,14.22
1996Q4,17.47,15.4,16.14,12.53,18.67,16.03,14.4,13.28,19.2,15.38,12.52,10.43,12.49,11.02,16.73,14.42,23.64,17.59,26.51,16.55,19.46,14.75,22.05,15.94,20.91,16.54,19.58,15.75,22.75,15.51,16.92,13.46,17.47,14.33
1997Q1,17.44,15.06,16.41,12.65,19.04,15.99,14.5,13.48,19.49,15.56,12.76,10.57,12.68,10.89,16.71,14.74,23.72,17.8,26.31,16.83,19.36,14.98,21.92,16.19,21.27,16.87,19.87,15.95,22.62,15.8,17.19,13.84,17.64,14.55
1997Q2,17.42,15.89,16.54,12.81,19.21,16.65,14.47,13.53,19.37,15.96,12.81,10.69,12.57,11.02,16.64,14.69,23.92,17.96,27.08,17.29,19.8,15.02,22.38,16.23,21.27,16.77,20.17,15.88,23.29,15.8,17.28,13.73,17.8,14.64
1997Q3,17.78,15.85,16.46,12.85,19.86,16.96,14.64,13.73,19.62,16.02,12.97,10.77,12.68,11.09,16.67,14.9,23.9,18.04,27.16,17.46,20.04,15.21,22.67,16.43,21.09,16.9,20.29,16.09,23.71,15.95,17.23,13.7,17.94,14.79
1997Q4,18.12,15.82,16.64,13.12,19.91,17.09,14.79,13.89,19.68,16.39,12.93,10.91,12.65,11.16,16.81,14.98,24.02,18.2,26.85,17.8,19.91,15.23,22.52,16.47,21.17,17.03,20.43,16.2,24.01,15.98,17.19,13.72,17.96,14.89
1998Q1,18.86,15.84,16.81,13.12,19.9,17.18,14.83,14.11,19.8,16.05,13.12,11,13.01,11.22,16.77,14.99,24.06,18.24,26.24,18.13,19.54,15.44,22.14,16.68,21.34,17.2,21,16.42,23.39,16.15,17.43,13.96,18.02,15.03
1998Q2,18.66,16.94,16.96,13.24,19.86,17.31,15.11,14.4,19.91,16.48,13.27,11.11,12.91,11.14,16.88,15.06,24.4,18.49,26.96,18.15,20.32,15.21,23.01,16.46,21.59,17.41,21.05,16.92,24.27,16.09,17.61,14,18.28,15.15
1998Q3,18.69,16.35,16.92,13.4,20.02,17.7,15.2,14.31,20.11,16.55,13.23,11.11,12.79,11.18,17.04,15.38,24.47,18.73,27.87,18.53,20.54,15.28,23.2,16.54,21.61,17.4,21.3,17.03,24.24,16.12,17.46,13.87,18.36,15.25
1998Q4,19.15,16.33,17.14,13.53,20.56,17.85,15.37,14.45,20.46,16.56,13.04,11.09,12.88,11.29,17.04,15.13,24.57,18.79,28.07,18.93,20.89,15.68,23.61,16.96,22.02,18.01,20.39,17.69,24.33,16.4,17.49,14.02,18.43,15.49
1999Q1,19.07,17.02,17.29,13.6,20.37,17.98,15.3,14.38,20.65,16.75,13.1,11.12,12.67,11.26,16.77,15.25,24.76,18.97,28.72,18.28,20.74,15.75,23.43,17.03,22.57,17.97,20.81,17.98,24.43,16.45,18,14.2,18.51,15.53
1999Q2,19.2,17.49,17.39,13.7,20.99,18.36,15.55,14.55,20.44,16.89,13.24,11.11,12.84,11.27,16.63,15.2,24.76,18.95,28.26,19.18,21.12,16.06,23.84,17.35,22.51,18.03,20.77,17.99,23.88,16.32,17.94,13.97,18.6,15.66
1999Q3,18.57,16.99,17.31,13.9,20.2,17.98,15.83,14.74,20.82,17.22,13.41,11.39,12.92,11.4,17.2,15.54,24.93,19.19,27.94,19.38,21.2,16.37,23.98,17.67,22.84,18.5,21.07,18.23,25.17,16.45,17.87,14.27,18.77,15.9
1999Q4,17.97,15.85,17.43,13.99,21.91,18.64,15.96,14.45,20.56,17.08,13.13,11.31,12.64,11.1,16.89,15.72,25.19,19.43,27.9,19.35,20.34,16.27,23.02,17.54,22.94,18.71,21.11,18.58,25.09,16.6,18.38,14.44,18.62,15.92
2000Q1,17.49,15.64,17.75,14.13,21.8,19.28,15.94,14.14,20.79,17.33,13.23,11.5,12.48,11.2,16.87,15.52,25.34,19.03,28.87,19.47,20.44,16.23,23.11,17.52,22.37,18.38,22.09,18.33,25.26,16.68,18.4,14.19,18.77,15.86
2000Q2,17.69,16.72,17.84,14.13,22.59,18.66,16.4,14.33,20.68,17.22,13.35,11.31,13.04,11.32,16.51,15.18,25.17,19.16,30.15,19.28,21.16,16.25,23.88,17.5,22.82,18.46,22.47,18.64,24.64,16.46,18.48,14.34,19.02,15.92
2000Q3,19.03,16.23,17.84,14.23,22.7,19.11,16.49,14.57,20.93,17.22,13.29,11.44,13.18,11.37,17.09,15.51,25.56,19.39,30.66,19.32,20.92,16.85,23.65,18.16,23.46,18.89,22.56,18.63,24.81,16.54,18.57,14.55,19.2,16.09
2000Q4,18.27,16.64,18.03,14.35,22.67,18.59,16.68,14.66,20.63,17.1,13.43,11.61,13.1,11.53,17.19,15.66,25.67,19.44,31.07,19.61,20.88,16.7,23.63,18.01,23.67,19.13,22.6,18.66,24.75,16.67,18.69,14.93,19.25,16.14
2001Q1,18.16,16.78,18.25,14.58,22.88,18.55,16.78,14.74,20.96,17.33,13.61,11.75,13.06,11.8,17.23,16.02,25.8,19.79,31.6,19.63,21.25,16.83,24.04,18.14,23.64,19.15,22.77,18.82,24.87,16.99,18.88,15.09,19.43,16.32
2001Q2,18.47,18.31,18.33,14.61,23.29,18.81,16.59,15.07,21.61,17.6,13.81,11.81,13.16,11.69,17.26,15.44,26.03,19.71,31.75,19.81,21.63,17.33,24.43,18.63,23.85,19.5,22.83,19.2,25.26,16.94,19,15.14,19.58,16.53
2001Q3,18.53,17.84,18.5,14.68,24.33,19.37,16.75,15.55,21.63,18.12,13.78,11.99,13.19,11.67,17.58,15.8,26.26,19.93,31.54,19.75,21.86,17.43,24.72,18.77,24.12,19.91,22.87,19.61,26.65,17.33,18.97,15.16,19.78,16.76
2001Q4,19.12,19.1,18.53,14.85,24.28,20.13,16.9,15.45,21.93,18,13.92,11.87,13.36,11.72,17.4,15.78,26.19,20.12,32.15,19.98,22.21,17.36,25.1,18.7,23.99,20.1,23.46,19.93,26.46,17.17,19.07,15.4,19.86,16.76
2002Q1,19.84,18.82,18.92,14.94,24.65,20.04,16.71,15.27,22.28,18.16,14.16,11.96,13.56,11.64,18.07,16.41,26.52,20.38,32.11,20.41,22.18,17.47,25.06,18.85,23.84,19.94,24.18,20.95,26.6,17.48,19.03,15.44,20.1,16.98
2002Q2,19.86,18.53,19.09,15.1,24.42,19.37,16.65,15.98,21.72,17.97,14.17,12.03,13.23,11.96,17.65,15.89,26.67,20.39,31.95,20.32,21.5,17.49,24.33,18.85,24.18,20.26,23.73,20.38,26.25,17.44,19.47,15.55,19.99,17
2002Q3,19.98,19.52,19.05,14.9,25.49,20.26,17.31,15.82,22.13,18.68,14.45,12.33,13.23,12.06,18.05,16.94,27.72,20.88,31.7,20.43,22.39,17.48,25.31,18.89,24.9,20.88,24.13,20.61,27.19,17.58,20.59,15.84,20.41,17.24
2002Q4,19.98,18.39,19.42,15.25,25.12,20.42,17.55,15.79,21.6,18.91,14.5,12.41,13.34,11.92,17.99,16.85,27.91,20.87,33.06,20.94,23,18.05,25.99,19.47,24.71,20.64,24.23,20.75,27.55,17.81,20.78,15.74,20.57,17.36
2003Q1,20.27,19.13,19.4,15.18,25.18,20.53,17.18,15.96,21.83,18.94,14.51,12.53,13.56,11.98,17.92,15.74,27.54,20.24,33.89,21.56,22.67,18.1,25.65,19.47,24.5,20.65,25.19,21.68,27.31,18,20.47,15.49,20.55,17.43
2003Q2,20.49,19.04,19.56,15.67,25.25,20.43,17.52,15.56,22.17,19.52,14.71,12.61,13.78,12.3,17.85,16.28,27.37,20.98,34.42,21.82,23.09,18.64,26.07,20.02,24.38,20.8,24.45,20.98,27.44,17.95,20.09,15.8,20.7,17.69
2003Q3,20.51,19.84,19.83,15.58,25.32,20.52,17.26,16.31,22.3,19.52,14.5,12.65,13.97,12.42,18.38,16.24,27.68,21.07,34.84,21.82,23.59,18.59,26.69,20,24.97,21.43,24.9,21.43,27.49,18.22,19.76,16.22,20.94,17.92
2003Q4,20.58,21.16,19.79,15.78,25.28,21.23,17.6,16.43,22.82,19.83,15.08,12.63,14.05,12.48,18.31,16.38,27.85,21.38,35.5,21.94,24.3,18.1,27.47,19.48,25.73,21.99,25.33,21.86,27.87,18.91,20.22,16.44,21.17,18.06
2004Q1,21.6,18.73,19.8,16.09,24.42,20.6,17.66,16.05,22.48,19.61,15.05,12.82,13.95,12.44,18.45,16.43,27.79,21.36,36,22.01,22.81,18.43,25.98,19.81,25.17,21.88,25.84,22.81,28.37,18.52,20.32,16.62,21.11,18.18
2004Q2,21.24,19.61,20.18,16.33,25.46,20.57,18.24,17.09,22.64,19.92,15.19,12.96,14.44,12.28,18.58,16.76,28.68,21.92,37.56,22.9,23.9,19.01,27.21,20.43,26.29,22.06,25.4,22.27,27.77,18.89,21.25,16.81,21.58,18.54
2004Q3,21.52,21.54,20.12,16.03,25.34,22.04,18.04,16.56,22.89,20.18,15.34,13.2,14.13,12.5,18.97,17.57,28.76,22.51,35.67,22.32,24.1,18.89,27.47,20.32,26.36,22.37,25.84,22.17,29.32,19.06,21,17.56,21.62,18.58
2004Q4,22.01,20.85,20.33,16.28,25.69,21.52,18.12,17.14,22.94,20.26,15.29,13.21,14.01,12.42,19.29,17.33,29.19,22.33,35.96,22.68,23.11,18.43,26.52,19.83,26.18,22.5,25.84,22.23,29.12,19.23,20.94,17.4,21.57,18.53
2005Q1,22.4,22.08,20.41,16.46,26.69,21.65,18.39,16.55,23.42,20.41,15.3,13.14,14.34,12.61,19.37,17.35,29.18,22.34,37.42,22.9,23.12,19.19,26.6,20.61,26.85,22.79,27.08,24.04,29.14,19.58,21.17,17.45,21.83,18.88
2005Q2,22.38,22.24,20.65,16.55,26,21.79,18.47,17.15,23.99,20.46,15.36,13.25,14.44,13.12,20.43,18.03,29.97,22.63,37.53,23.26,23.95,19.55,27.59,20.99,26.7,22.76,27.17,25.59,30.2,19.93,21.18,17.16,22.25,19.33
2005Q3,22.59,22.39,21.01,16.8,27.07,22.59,18.93,17.44,24.27,21.08,15.94,13.54,14,13.23,19.57,17.26,30.24,22.99,37.3,23.54,24.78,20.11,28.52,21.51,27.1,23.47,27.37,23.63,30.37,20.21,21.99,17.91,22.51,19.44
2005Q4,23.11,23.48,21.13,17.17,27.52,22.78,19.17,17.75,24.88,21.18,16.28,13.52,14.26,12.9,20.27,17.67,30.7,23.1,37.92,23.17,24.83,20.25,28.69,21.67,27.56,23.7,27.75,23.9,31.06,20.48,22.01,17.75,22.78,19.54
2006Q1,24.01,23.51,21.41,17.2,28.03,23.41,19.05,17.74,24.82,21.11,15.89,13.8,14.2,13.09,21.01,19,30.59,23.37,38.04,23.74,24.7,20.29,28.69,21.74,27.72,23.67,29.03,27.06,31.74,20.89,21.31,17.75,22.92,20
2006Q2,25.9,24.45,21.67,17.48,27.66,22.44,19.41,18.19,25.51,21.01,16.02,13.93,14.72,13.36,20.52,17.78,31.19,23.54,39.03,24.27,24.83,20.9,28.88,22.29,28.17,23.86,28.81,24.82,31.8,20.75,22.07,18.2,23.31,20.09
2006Q3,25.02,23.88,21.96,17.52,27.74,22.78,19.94,18.27,25.73,21.57,16.1,14.08,14.66,13.6,20.99,18.68,32.01,23.64,40.63,24.52,26.06,20.96,30.34,22.39,28.39,24.05,28.78,24.17,32.37,21.54,22.52,18.5,23.76,20.32
2006Q4,25.04,24.58,21.96,17.81,27.99,23.45,20.32,18.57,25.97,21.56,16.4,14.19,14.99,13.72,21.35,18.55,32.23,23.67,41.23,24.94,25.4,21.15,29.71,22.59,28.69,24.66,29.3,24.8,32.49,21.58,22.51,18.7,23.92,20.51
2007Q1,25.04,24.74,22.4,18.05,27.86,23.86,20.69,18.89,25.76,21.76,16.46,14.49,14.86,13.97,21.32,18.88,32.16,23.75,41.29,25.16,25.05,21.3,29.42,22.74,28.63,24.68,30.27,27.06,32.71,22.12,22.38,18.69,24.02,20.89
2007Q2,24.42,26.55,22.56,18.34,27.83,24,20.84,19.44,26.1,21.94,16.44,14.39,15.2,14.32,20.95,19.09,32.31,24.08,41.86,25.69,25.6,21.62,30.1,23.03,29.24,25.18,30.97,25.21,33.16,22.25,22.58,19.08,24.26,21.01
2007Q3,24.4,25.87,22.6,18.2,28.41,24.24,21.25,19.87,26.33,23.13,16.84,14.65,15.13,14.17,21.76,19.66,32.72,24.27,40.84,25.58,25.59,21.81,30.14,23.23,29.78,25.72,30.34,25.5,33.14,22.66,22.9,19.47,24.5,21.37
2007Q4,24.86,26.99,23.1,18.48,28.96,24.93,21.41,20.37,26.3,23.05,16.92,14.86,15.33,14.45,22.19,20.02,33.34,24.64,41.4,26.11,25.17,21.94,29.78,23.39,30.5,26.62,30.32,25.65,33.4,23.12,23.15,19.64,24.69,21.6
2008Q1,25.31,27.61,23.43,18.75,29.56,25.39,21.7,20.54,27.17,22.87,16.98,14.67,15.25,14.72,22.84,20.3,33.7,24.91,40.99,25.65,25.04,22.28,29.78,23.69,30.74,26.89,31.98,27.87,34.27,23.61,23.24,20.15,25.01,21.97
2008Q2,25.66,28.3,23.74,19.21,29.21,25.6,22.36,20.67,27.3,23.12,17.38,15.34,15.59,15.21,22.98,20.22,34.24,25.44,42.96,26.47,25.68,22.83,30.58,24.19,30.7,26.95,30.84,26.24,34.17,23.89,23.36,20.39,25.4,22.26
2008Q3,26.78,28.3,23.54,19.29,29.56,25.54,22.63,20.56,27.62,23.7,17.51,15.59,15.46,15.15,23.98,20.6,34.91,25.75,43.83,26.88,26.14,23.14,31.24,24.52,31.07,27.29,31.88,27.09,34.9,24.3,23.36,20.35,25.8,22.65
2008Q4,26.87,30.05,23.71,19.56,29.99,25.96,22.69,21.46,28.42,24.03,17.56,15.7,15.99,15.39,23.41,20.67,34.78,26.02,44.85,27.55,25.93,23.53,31.09,24.9,31.32,27.24,32.36,27.13,36.31,24.46,23.66,20.44,26.08,22.84
2009Q1,28.06,31.12,23.86,19.7,31.24,25.98,22.97,21.56,28.45,24.2,17.76,15.71,15.83,15.46,24.01,21.15,35.33,26.14,45.25,27.71,26.47,23.82,31.83,25.21,31.79,27.98,32.9,28.69,36.08,24.72,23.99,20.84,26.36,23.21
2009Q2,28.42,30.46,24.27,20.07,31.23,25.88,22.73,20.91,28.94,24.27,17.86,16.06,15.83,15.54,23.63,21.65,35.27,26.56,46.42,27.78,26.13,23.84,31.54,25.22,32.1,28.03,32.64,27.6,36.27,24.96,24.02,20.74,26.54,23.37
2009Q3,27.39,27.8,24.4,20.03,31.41,26.6,23.07,21.32,28.38,24.45,17.72,15.71,16.46,15.7,24.76,22.04,34.77,27.06,45.47,27.99,28.68,23.46,31.79,25.54,32.68,28.3,32.87,27.94,36.28,24.53,24.11,20.49,26.76,23.41
2009Q4,28.14,29.04,24.4,20.04,31.05,26.6,23.23,21,28.74,24.22,17.66,15.83,17.27,15.91,24.09,21.57,35.46,27.36,46.8,28.13,29.66,22.53,32.31,25.62,32.82,28.7,34.02,28.01,36.15,25.22,24.49,20.77,26.91,23.42
2010Q1,25.99,25.95,24.61,20.38,31.24,27.54,23.4,20.92,27.59,23.78,17.63,15.97,17.02,15.64,24.19,22.02,34.91,27.3,45.69,28.37,28.95,22.34,31.84,25.27,32.71,28.52,33.41,28.38,36.94,25.56,23.41,20.34,26.68,23.45
2010Q2,25.97,24.28,25.02,20.37,30.91,27.35,23.53,20.94,27.82,24.39,18.01,16.08,17.15,15.96,24.02,21.64,34.03,26.9,43.94,28.79,27.69,23.27,32.44,25.51,33.29,29.15,33.35,28.16,35.55,25.06,24.46,20.64,26.99,23.65
2010Q3,24.92,24.54,24.98,20.48,31.18,26.34,23.73,21.87,28,23.91,18.25,16.34,16.81,15.88,24.73,22.56,34.14,27.32,45.08,28.58,29.28,23.12,33.85,26.31,33.8,29.6,33.66,28.16,35.37,25.14,24.51,21.26,27.31,23.92
2010Q4,25.84,24.61,25.22,20.61,31.49,27.23,23.77,22.37,27.93,24.18,18.24,16.5,17.1,15.9,24.43,22.77,35.51,27.51,45.01,29.01,30.22,24.22,33.66,26.45,33.56,29.32,33.76,28.17,35.4,25.48,24.88,21.29,27.36,23.96
2011Q1,26.59,27,25.48,21.16,32.87,26.7,24.24,22.47,27.42,24.22,18.41,16.74,17.49,16.45,24.85,22.45,36.1,27.66,44,28.96,32.33,24.1,33.79,26.09,32.92,29.55,33.56,28.61,36.34,25.94,25.49,21.68,27.53,24.14
2011Q2,26.97,26.5,25.8,21.15,33.04,26.56,24.61,23.2,28.71,24.7,19,16.81,17.15,15.96,24.63,22.16,35.77,28.2,44.95,29.29,31.3,24.27,32.18,25.86,34.22,30.11,31.99,28.84,36.94,25.89,25.85,22.05,27.74,24.37
2011Q3,27.31,27.2,26.34,21.29,32.24,26.74,25.41,22.27,28.46,24.21,18.71,16.61,16.8,16.04,25.5,22.53,36.22,28.58,47.03,29.92,32.19,25.6,34.04,26.27,33.85,30.34,33.01,29.23,36.35,25.77,26.18,22.02,28.25,24.45
2011Q4,27,27.11,26.32,21.51,30.07,25.7,25.15,23.02,28.39,24.28,19.59,16.8,17.36,15.92,25.3,22.84,37.52,28.86,46.76,30.31,28.52,24.38,34.72,26.76,34.48,30.46,32.73,29.41,37.18,26.12,26.05,21.53,28.28,24.55
2012Q1,27.5,28.72,26.92,21.8,34.29,28.56,25.13,23.34,27.79,25.08,19.13,17.14,17.64,16.24,26.02,23.27,38.05,29.43,48.26,30.85,29.2,24.41,35.5,27.17,35.17,30.58,33.29,29.66,36.3,26.33,25.66,21.31,28.6,24.72
2012Q2,27.46,28.89,26.82,21.5,35.24,28.97,25.83,23.2,28.29,26.11,19.52,17.22,17.6,16.53,25.97,22.88,36.47,28.15,47.34,30.97,30.89,25.69,33.53,26.14,34.77,30.49,32.86,29.47,36.51,26.72,25.7,21.82,28.6,24.86
2012Q3,28.15,28.21,27.34,21.92,32.08,29.06,25.56,22.67,28.82,25.74,19.51,17.55,17.85,16.44,25.94,23.02,38.52,29.35,48.73,31.1,32.14,27.15,36.14,27.18,34.72,30.8,32.78,29.8,36.86,26.39,25.66,21.48,29.07,25.12
2012Q4,30.23,32.86,27.05,22.02,32.2,28.32,25.45,23.14,29.18,25.63,19.41,17.69,18.14,16.4,26.11,23.46,37.79,29.6,48.38,31.38,36.27,27.29,35.28,26.96,35.41,31.63,34,29.49,37.59,26.2,25.46,21.37,29.05,25.09
2013Q1,32.41,33.69,27.66,22.74,32.72,28.78,25.86,23.23,29.09,25.24,19.9,17.54,17.95,16.7,26.62,23.77,38.58,30.16,49.41,31.52,34.27,25.54,35.94,27.3,35.06,30.62,33.01,29.6,36.25,26.37,25.84,21.58,29.41,25.14
2013Q2,30.19,30.08,27.49,22.56,32.97,28.32,25.99,24.42,28.97,25.24,19.95,17.63,17.8,16.83,26.89,24.03,39.11,29.82,48.66,32.09,35.53,25.93,34.72,27.24,35.63,31.42,33.82,30.35,36.62,26.46,26.34,21.58,29.4,25.39
2013Q3,29.6,30.55,27.57,22.78,35.42,30.61,26.67,25.03,28.87,26.15,19.87,17.55,17.58,16.84,27.32,24.64,39.12,30.41,49.17,32.13,35.54,25.45,36.86,28.37,35.9,31.91,34.37,30.12,37.68,26.54,25.32,21.93,29.86,25.7
2013Q4,30.07,33.49,27.61,23.38,34.61,29.63,26.35,24.33,29.85,26.37,20.04,17.94,18.2,16.88,27.84,24.14,39.7,30.82,50.3,32.5,34.2,26.11,35.17,28,36.43,32.47,34.56,30.21,38.07,26.88,26.7,22.93,29.82,25.85
2014Q1,29.09,30.57,27.95,23.77,34.56,29.6,27.52,25.07,30.31,27.01,20.39,18.03,18.02,16.77,27.52,24.02,42.47,32.56,50.33,32.71,34.3,26.72,34.45,27.57,36.09,32.16,34.87,30.43,39.37,27.21,26.65,23.31,30.05,25.95
2014Q2,30.93,29.83,28.08,23.7,35.29,29.68,26.93,26.23,30.33,27.58,20.38,18.16,18.58,17.1,27.36,24.79,39.68,31.47,51.45,33.57,34.65,26.21,33.7,27.13,35.65,32.01,34.77,30.4,38.47,27.44,26.86,23.64,29.97,26.12
2014Q3,31.25,30.16,28.64,24.06,35.21,30.87,27.24,26.04,30.62,27.58,20.27,18.21,18.76,17.2,27.79,24.78,42,31.93,52.66,33.74,35.19,28.2,36.2,28.75,36.06,32.01,34.76,30.52,38.97,27.39,27.55,23.46,30.66,26.49
2014Q4,30.46,28.69,28.35,23.7,36.64,30.5,27.29,25.99,30.67,26.71,20.68,18.82,18.95,17.49,28.39,25.01,42.31,32.26,53.27,34.08,36.33,26.32,36.29,29.02,36.89,32.69,34.77,30.66,39.11,27.68,27.83,23.27,30.78,26.55
2015Q1,30.88,30.92,28.41,23.62,37.55,30.79,27.62,26.1,31.5,27.48,21.2,18.49,18.7,17.44,28.72,26.29,41.06,31.84,51.62,34.32,36.24,27.1,35.59,29.09,36.58,32.75,34.67,30.35,39.45,27.75,27.17,23.24,30.77,26.54
2015Q2,30.99,29.55,29.14,24.02,37.79,31.15,27.5,25.47,31.48,27.32,21.02,18.65,19.04,17.87,28.65,26.04,42.21,32.07,52.45,34.53,34.57,27.48,35.33,28.01,37.07,33.05,34.6,30.71,38.4,27.35,26.88,23.62,30.96,26.56
2015Q3,31.47,29.6,29.27,24.33,37.63,31.34,28.23,26.3,32.43,27.19,20.92,18.66,19.34,17.83,29,26.34,41.9,32.44,52.14,34.66,33.15,27.04,36.83,29.61,37.46,33.34,34.48,31.08,38.92,27.48,27.64,24.72,31.38,26.99
2015Q4,32.31,29.36,29.48,24.31,38.3,31.26,27.89,26.36,32.3,25.94,21.05,18.96,19.35,18,29.16,26.74,42.7,32.52,52.3,35.06,33.61,26.71,37.07,29.74,38.13,33.71,35.13,31.15,39.33,27.82,28.12,24.4,31.47,27.04
2016Q1,32.63,29.29,29.57,24.8,38.45,31.85,28.11,25.95,31.75,27.68,21.59,19.31,19.74,18.22,29.15,25.98,42.06,32.21,51.28,35.33,34.38,27.62,37.09,29.65,38.03,33.64,35.59,31.09,39.4,27.96,27.84,24.59,31.54,27.16
2016Q2,33.92,30.25,29.87,24.5,37.88,32.07,28.59,26.72,32.11,28.28,21.82,19.54,20.22,18.39,29.23,25.92,42.66,32.95,51.14,35.26,35.64,27.89,35.9,28.85,38.86,33.91,35.54,31.48,38.84,27.88,28.16,24.5,31.66,27.24
2016Q3,32.77,28.15,30.12,24.6,38.55,32.46,28.79,27.52,32.41,28.58,21.87,19.32,20.22,18.53,29.1,26.09,42.36,33.21,51.73,35.74,35.71,28.39,37.58,30.23,39.82,34.35,35.33,31.77,38.91,27.93,29.2,24.6,32.05,27.61
2016Q4,33.09,29.65,30.37,24.89,38.78,32.41,28.66,26.8,33,28.01,21.99,19.8,19.87,18.32,29.52,25.95,44.13,33.72,52.03,36.28,35.4,28.4,37.51,29.91,39.77,35.03,36.04,31.98,38.5,27.84,28.92,24.5,32.11,27.56
2017Q1,33.54,27.78,30.62,25.41,38.99,32.77,28.93,27.45,33.57,28.6,22.56,19.99,19.83,18.46,29.62,25.92,42.99,34.42,51.79,36.13,34.33,27.01,38.19,30.87,40.07,34.9,38.18,31.98,39.12,28.29,28.91,24.62,32.43,27.78
2017Q2,32.42,32.6,30.17,25.26,38.28,32.82,29.13,26.71,33.68,29.25,22.18,20.28,20.62,18.83,28.89,26.53,44.05,35.38,51.04,36.21,36.46,28.6,37.9,30.07,40.02,35.31,36.75,32.68,39.63,28.33,29.58,24.87,32.41,28.04
2017Q3,31.79,31.77,30.73,25.72,39.31,32.36,29.28,27.29,33.51,29.55,22.55,20,20.48,18.62,29.14,26.54,43.31,34.31,49.45,36.71,36.4,29.45,39.23,30.84,39.95,35.54,38.52,32.46,39.43,29.03,30.16,25.33,32.75,28.33
2017Q4,33.33,30.95,30.83,26.11,40.06,35.42,29.23,27.38,34,29.88,22.6,20.04,20.85,18.82,29.37,27.05,43.8,35.02,50.7,36.62,37.89,29.05,39.04,31.59,40.56,36.14,39.28,32.83,38.94,29,30,25.58,32.92,28.61
2018Q1,33.25,30.68,31.02,26.39,40.61,34.43,29.7,26.59,34.54,30.31,23,20.48,20.72,18.96,29.78,26.97,44.49,34.72,51.38,37.57,39.8,29.18,40.09,31.8,40.32,35.98,38.76,32.2,40.36,29.76,30,25.4,33.27,28.65
2018Q2,33.37,29.8,30.82,26.13,40.67,34.26,29.57,27.24,34.31,30.16,23.73,20.92,21.26,19.46,29.79,27.76,43.01,34.68,51.93,37.77,39.5,30.34,38.76,31.27,40.23,36.19,38.88,32.89,40.59,29.45,30.34,25.51,33.28,28.9
2018Q3,35.27,33.44,31.37,26.61,41.21,34.54,30.13,28.23,34.62,30.36,23.81,21,21.7,19.55,30.34,28.03,43.52,35.11,51.74,37.56,38.76,28.85,40.65,32.35,40.4,36.11,39.51,33.02,40.59,29.85,29.99,26.07,33.8,29.27
2018Q4,35.79,34.48,31.63,26.34,40.61,34.52,30.5,29.35,35.11,30.91,23.85,20.98,22.25,19.55,30.76,28.18,43.46,35.38,52.63,38.57,37.08,28.55,41.67,32.9,40.95,36.61,39.27,32.83,40.35,30.1,30.42,26.51,34.1,29.41
2019Q1,35.84,33.59,32.16,27.21,41.49,35.99,30.24,26.9,35.08,31.34,24.43,21.35,22.19,20.12,31.13,28.12,43.76,35.98,53.16,38.97,38.57,28.86,41.47,32.95,40.95,36.66,39.41,32.95,41.38,30.53,31.15,26.06,34.23,29.58
2019Q2,34.44,31.47,32.43,27.17,42.21,35.95,30.74,28.97,35.43,30.84,24.2,21.69,22.94,21.23,31.58,28.63,44.16,35.77,53.74,39.86,36.58,29.86,40.64,33.15,41.74,37.49,39.89,33.54,42.59,30.71,30.8,27.65,34.57,30.17
2019Q3,36.01,33.06,32.87,27.47,41.26,35.89,31.25,28.86,35.67,31.24,25.12,21.66,22.74,20.8,31.57,28.96,43.58,35.97,53.82,39.69,37.65,30.55,41.7,33.23,42.29,38.22,39.52,33.15,42.14,31.11,31.37,27.29,34.94,30.31
2019Q4,35.8,34.75,32.77,26.84,42.16,36.22,31.46,29.59,35.95,31.69,24.97,22.04,23.42,21.34,31.43,28.51,43.72,36.22,54.94,40.32,38.23,32.03,41.09,33.4,42.84,38.27,40.32,34.08,42.33,31.74,31.86,27.36,35.03,30.66
2020Q1,36.27,35.5,32.91,27.76,42.02,36.6,31.89,29.36,36.57,32.69,25.26,22.36,22.39,20.88,32.02,29.99,46.05,37.14,56.26,40.88,37.65,32.85,41.05,33.62,42.67,38.45,40.6,34.07,42.54,32.2,31.62,27.78,35.25,31
2020Q2,36.45,34.19,32.87,28.33,42.66,37.04,31.03,29.17,36.7,32.57,24.96,22.95,22.24,20.69,31.64,29.49,45.46,37.97,57.47,41.06,36.9,32.09,40.37,33.73,42.53,38.39,40.88,34.59,42.08,32.07,32.17,29,35.22,31.45
2020Q3,33.29,34.91,33.62,29.47,44.02,37.85,31.48,28.79,37.26,33.02,25.54,22.74,24.17,22.19,31.6,30,47.11,39.05,59.48,41.87,38.21,32.86,42.16,34.75,43.2,39.32,41.9,35.33,43.08,32.19,32.7,29.47,35.93,32.04
2020Q4,35.09,35.51,33.74,30.1,43.55,37.72,32.09,29.89,37.18,32.63,26.44,23.1,24.16,22.04,31.59,30.3,44.85,38.34,59.76,43.02,40.57,33.39,42.48,35.04,43.94,39.96,41.16,35.93,42.54,32.65,33.14,29.05,36.2,32.27
2021Q1,38.74,33.37,33.16,29.89,46.27,37.57,32.78,31.99,37.16,31.13,27.25,24.24,25.35,23.43,32.41,29.83,47.1,36.66,55.36,41.74,35.07,32.23,42.67,35.39,43.26,40.13,41.24,34.85,45.99,33.46,33.62,28.98,36.43,32.38
2021Q2,40.42,34.28,33.81,29.23,43.4,37.65,32.26,30.96,37.7,30.98,27.21,24.13,26.17,24.02,32.77,30.32,47.31,37.63,57.07,43.92,36.53,32.69,42.88,36.42,42.24,40.44,41.9,34.46,46.23,33.56,32.44,29.51,36.55,32.74
2021Q3,40.46,34.72,34.18,30.1,45.28,37.99,33.64,29.9,37.01,32.01,27.76,24.54,26.05,23.87,33.66,30.6,52.34,41.42,59.1,44.33,35.25,32.91,42.66,36.62,43.28,41.06,41.96,35.28,47.97,34.1,33.66,28.09,37.2,33.15
2021Q4,40.66,36.71,34.59,30.53,46.78,39.38,33.64,31.66,37.97,32.79,28.36,25.26,27.95,24.16,33.44,31.7,49.78,39.37,60.49,45.18,35.45,32.73,43.42,37.25,43.5,41.22,43.81,34.77,47.74,34.46,33.4,28.33,37.58,33.48
2022Q1,41.93,37.34,35.05,31.74,46.37,39.41,33.51,31.94,39.14,33.5,28.5,25.72,29.08,25.38,34.38,31.48,50.14,40.48,60.61,45.51,36.11,32.76,44.83,37.09,43.25,41.22,42.61,35.56,47.9,35.38,34.06,29.49,38.06,34.13
2022Q2,41.17,37.02,36.16,32.79,46.52,40.79,34.25,32.58,39.26,34.1,29.18,26.05,29.62,26.43,35.35,31.55,49.36,39.34,61.79,45.29,39.11,34.03,45.04,38.75,43.85,41.53,42.58,35.92,48.74,35.97,35.3,30.43,38.94,34.87
2022Q3,42.46,37.07,37.47,32.83,47.29,41.13,36,32.89,40.07,34.52,30.13,26.43,29.84,26.13,36.03,32.89,53.17,41.42,63.13,46.34,40.68,34.57,47.35,39.84,45.06,42.74,42.77,36.01,49.28,36.8,35.23,30.69,40.18,35.4
2022Q4,43.31,37.48,37.39,32.86,47.83,42.4,36.39,33.07,40.93,35.51,30.69,27.31,31.05,26.21,36.71,33.09,54.07,42.17,62.78,47.67,40.56,34.62,46.96,40.94,45.18,42.97,43.11,36.64,49.29,37.17,35.75,30.88,40.38,35.94
2023Q1,44.01,37.03,37.73,34.11,49.44,42.18,38.2,30.59,40.99,35.37,30.7,27.61,30.97,26.59,37.69,33.27,53.36,43.18,64.61,49.28,41.28,33.9,47.93,39.96,46.19,43.31,44.63,37.88,49.39,38.67,36.93,31.48,41.32,36.39
2023Q2,43.53,39.08,39.03,34.21,51.58,44.42,37.5,33.74,42.4,36.66,31.01,28.59,31.97,27.4,38.15,34.21,53.02,42.75,63.18,48.85,40.9,35.86,47.82,40.21,46.92,43.7,44.02,39.24,49.51,39.37,38.08,31.5,41.67,37.19
Table information:,,,,,,,,,,,,,,,,,,,,,,,,,,,,,,,,,,
Units:,,,,,,,,,,,,,,,,,,,,,,,,,,,,,,,,,,
"$, Magnitude = Units",,,,,,,,,,,,,,,,,,,,,,,,,,,,,,,,,,
,,,,,,,,,,,,,,,,,,,,,,,,,,,,,,,,,,
Footnotes:,,,,,,,,,,,,,,,,,,,,,,,,,,,,,,,,,,
 ,,,,,,,,,,,,,,,,,,,,,,,,,,,,,,,,,,
Symbols:,,,,,,,,,,,,,,,,,,,,,,,,,,,,,,,,,,
.. figure not available,,,,,,,,,,,,,,,,,,,,,,,,,,,,,,,,,,
C: Confidential,,,,,,,,,,,,,,,,,,,,,,,,,,,,,,,,,,
E: Early Estimate,,,,,,,,,,,,,,,,,,,,,,,,,,,,,,,,,,
P: Provisional,,,,,,,,,,,,,,,,,,,,,,,,,,,,,,,,,,
R: Revised,,,,,,,,,,,,,,,,,,,,,,,,,,,,,,,,,,
S: Suppressed,,,,,,,,,,,,,,,,,,,,,,,,,,,,,,,,,,
,,,,,,,,,,,,,,,,,,,,,,,,,,,,,,,,,,
Status flags are not displayed,,,,,,,,,,,,,,,,,,,,,,,,,,,,,,,,,,
,,,,,,,,,,,,,,,,,,,,,,,,,,,,,,,,,,
Table reference: ,,,,,,,,,,,,,,,,,,,,,,,,,,,,,,,,,,
QEM002AA,,,,,,,,,,,,,,,,,,,,,,,,,,,,,,,,,,
,,,,,,,,,,,,,,,,,,,,,,,,,,,,,,,,,,
Last updated:,,,,,,,,,,,,,,,,,,,,,,,,,,,,,,,,,,
02 August 2023 10:45am,,,,,,,,,,,,,,,,,,,,,,,,,,,,,,,,,,
,,,,,,,,,,,,,,,,,,,,,,,,,,,,,,,,,,
Source: Statistics New Zealand,,,,,,,,,,,,,,,,,,,,,,,,,,,,,,,,,,
Contact: Information Centre,,,,,,,,,,,,,,,,,,,,,,,,,,,,,,,,,,
Telephone: 0508 525 525,,,,,,,,,,,,,,,,,,,,,,,,,,,,,,,,,,
Email:info@stats.govt.nz,,,,,,,,,,,,,,,,,,,,,,,,,,,,,,,,,,
